<?xml version="1.0" encoding="UTF-8"?>
<project-private xmlns="http://www.netbeans.org/ns/project-private/1">
    <editor-bookmarks xmlns="http://www.netbeans.org/ns/editor-bookmarks/2" lastBookmarkId="0"/>
    <open-files xmlns="http://www.netbeans.org/ns/projectui-open-files/2">
        <group>
            <file>file:/D:/RoboticsProjects/EmbeddedSys/EmbeddedSys/MPLABXProjects/Assignment/As1_group15.X/spilib.h</file>
            <file>file:/D:/RoboticsProjects/EmbeddedSys/EmbeddedSys/MPLABXProjects/Assignment/As1_group15.X/main.c</file>
            <file>file:/D:/RoboticsProjects/EmbeddedSys/EmbeddedSys/MPLABXProjects/Assignment/As1_group15.X/spilib.c</file>
            <file>file:/D:/RoboticsProjects/EmbeddedSys/EmbeddedSys/MPLABXProjects/Assignment/As1_group15.X/uartlib.h</file>
            <file>file:/D:/RoboticsProjects/EmbeddedSys/EmbeddedSys/MPLABXProjects/Assignment/As1_group15.X/uartlib.c</file>
        </group>
    </open-files>
</project-private>
